,A,B,C,D
2000-01-01,-1.2674503368107135,-0.10587781139408511,3.677860495800629,1.501015750385322
2000-01-02,-1.4320265132452357,-0.06753610955179411,2.215375909052492,0.3740996860290422
2000-01-03,-0.30727902924983175,-2.1610072645266585,2.273728566119407,1.5332574359311661
2000-01-04,0.5723720336742258,-0.48705104259557874,-0.24448752708996535,2.197244483250553
2000-01-05,0.025791313375277403,-0.6726030733589401,-0.008540052967981382,1.0449195661226236
2000-01-06,0.2612374634261453,0.01820408651672578,0.9489876589452415,1.02613849621407
2000-01-07,-0.12339829697888205,0.4353344136103677,1.3297117339010023,1.1023683330664586
2000-01-08,-0.3980050565742123,1.6427488065483122,2.8431427751417884,-0.1300119917651441
2000-01-09,-2.7300390102489698,1.6264016167533442,3.297788435964556,-1.2257164619725738
2000-01-10,-3.349807181009264,1.9539038809975962,3.350454729491978,-0.17685746134765523
2000-01-11,-3.765797494785011,1.0185822335903993,1.9355744220570816,-1.1660168865774043
2000-01-12,-2.5765133001776688,0.7073551615900994,0.8729717663065244,-2.764411540256491
2000-01-13,-3.5554569581315434,1.7102931984485665,1.2428809191770638,-2.6745002202802968
2000-01-14,-3.0022578393268757,0.2405864251456633,2.044801783909234,-3.1631000529444613
2000-01-15,-3.680975888482049,0.5184837460735591,0.3727781962140577,-3.820338748697315
2000-01-16,-3.6488376515287997,-0.21078283086594574,1.6799021241517893,-5.5751202835048685
2000-01-17,-3.4985775056727006,0.5450027098970791,-0.8876035111469218,-7.233296202280024
2000-01-18,-3.614633100012226,0.6125999491984485,0.14921673032571103,-5.4088242129573185
2000-01-19,-3.8256004098463547,0.6101907410442541,-1.2486209950689067,-5.478577876939427
2000-01-20,-4.858080157612541,-1.2184721018761975,-3.071096472520556,-4.838409639099289
2000-01-21,-4.628286040387174,-0.20620166292723163,-2.364542715411064,-5.225413157670524
2000-01-22,-2.8519635211899024,0.41061286751114556,-2.8997272338777553,-3.5890821304676304
2000-01-23,-4.0160683160988135,-0.28705177225840495,-3.6758243237446298,-3.8686866501837343
2000-01-24,-5.354313053637052,0.4973067839602979,-2.7638773825198153,-3.372190274557734
2000-01-25,-4.689652351836472,0.06311387909609129,-2.239169978082821,-3.8522489704746827
2000-01-26,-4.217981337550951,0.28447331024945366,-2.0201158826316403,-1.4637267973269954
2000-01-27,-2.6594665301625415,-0.635389533034711,-2.338643297914557,-2.101244538251546
2000-01-28,-3.1226812890133844,-0.5911353992515855,-3.0894888140608767,-2.7947362090614076
2000-01-29,-2.084035565934516,-0.6007531672989415,-4.316390319506871,-1.9928363634475303
2000-01-30,-1.4404189539468233,0.12985002522127564,-3.3123646110467058,-2.395675649343382
2000-01-31,-1.407126532599339,0.8154014512683283,-1.7391067717087885,-1.2949311337651879
2000-02-01,-2.302243530937454,-0.8556076324524724,-2.5738800746345882,-1.8906546752498485
2000-02-02,-0.9996130477132013,0.20774479638799392,-2.058051909037799,-0.550380841983753
2000-02-03,-0.5341955407126184,-0.8302701026166084,-2.3458198982584832,-0.14288956259667646
2000-02-04,-1.010264907417957,-3.3671635603728998,-1.843944930794018,1.1347282907523843
2000-02-05,-1.6837365146097256,-2.996125832438249,-2.708568262596759,0.755957371701818
2000-02-06,-3.8530142919413928,-3.0523214667288263,-2.6117947575065075,0.44005895868836464
2000-02-07,-2.8041637910704846,-0.7211462842924297,-2.60934360357115,1.1250457239221885
2000-02-08,-3.055342176656631,0.35517494200855637,-2.3921307506793594,2.0820626562301396
2000-02-09,-3.3629670579640125,-0.5500305803952366,-3.168098208929386,1.1220532586267957
2000-02-10,-2.519033371979502,-0.5726348914178516,-1.8702236040464368,2.2397845970713677
2000-02-11,-1.8348149569407757,-0.6616172660268914,-0.9549503209463646,2.3160127218446047
2000-02-12,-3.299857120843771,0.04711161372195238,-1.8986163358439585,1.4214427420765592
2000-02-13,-4.9508967785944975,-1.7287415633366923,-3.911626324506392,0.32974837691374925
2000-02-14,-3.717451901656203,-1.7760254416427474,-2.9922453716788477,1.2389836339096698
2000-02-15,-3.116711211051391,-1.297189723696603,-3.828113557313434,1.8439090469412214
2000-02-16,-2.978014671067306,-0.8257099210899045,-5.224100988930722,1.404247101696621
2000-02-17,-4.111054838289721,-0.7373304651286562,-6.307562061522456,0.7089755145525038
2000-02-18,-3.624548482195043,-0.6140976813019171,-6.602297919784009,-0.615171555470472
2000-02-19,-2.8456672464736563,0.6908367553525693,-6.722215025582375,-2.1487850932015204
2000-02-20,-2.047553993060445,1.5915637006088184,-6.807226409980377,-3.154699001432859
2000-02-21,-2.8136678690726464,0.3956985284724335,-6.6485959381449895,-2.461894608423381
2000-02-22,-3.418922898893817,1.5076866619456395,-7.724633371927626,-2.4338025935331102
2000-02-23,-1.739130383517037,3.184695779401359,-7.839274333252411,-1.9420569938084342
2000-02-24,-1.4906139662210238,2.1502267343157513,-6.693070747515204,-1.0291812833136125
2000-02-25,-1.3569150682762376,2.317542266057579,-7.355428388125576,-0.08876079686367055
2000-02-26,-1.1526415079480814,2.037877090003994,-6.55883672722425,-1.78125364011601
2000-02-27,-0.8106287125542923,2.657375163057347,-5.743993254140524,-1.087007870834163
2000-02-28,-0.2534623622629435,3.862695485582179,-6.675647804567828,1.3100520333319061
2000-02-29,-0.7189461374301707,4.125438110384295,-5.666783012637919,1.5576878938857661
2000-03-01,-0.7420685018730477,4.279418793235399,-6.497416343641008,2.286475727800981
2000-03-02,0.059327882144348254,3.672849122370222,-6.959175282197992,3.9126706285218633
2000-03-03,-1.7469890109908262,3.4721977998591385,-7.296257317216274,4.261025346302413
2000-03-04,-2.1829709414048013,2.7467123186340285,-6.990871234812216,4.01316534703063
2000-03-05,-1.6150702141270292,3.3327475707812395,-5.213920408021538,4.201734939752879
2000-03-06,-0.9603330710225257,2.6615227236408905,-6.029238823664387,4.039320718448147
2000-03-07,-0.15446962157485178,0.5783897106073246,-6.369602977729328,4.425448895004382
2000-03-08,-0.059001257413632074,2.2691091743587366,-5.0412729350546535,5.180613134622325
2000-03-09,0.46736985788022123,3.124421276157481,-3.9541218730240777,5.962898572578478
2000-03-10,-0.04297521022032269,2.2261800038186186,-3.935172325812236,5.918129610314272
2000-03-11,0.00784135184856119,3.097685022964735,-2.912467320206603,6.577630219111926
2000-03-12,0.709700246036536,2.5633143974621126,-3.1436798682117533,6.017632417038998
2000-03-13,1.6410451620262778,4.516342392207163,-0.409061105729533,5.210389922923165
2000-03-14,1.1585476801747048,4.456789235744131,1.3305683078629806,6.8163278688584255
2000-03-15,1.9773714718766204,4.798782695299464,0.20271973389821518,7.1680843405796155
2000-03-16,0.586531688189635,4.953424788149626,1.2358573428981752,7.732747190730975
2000-03-17,1.5157237462287827,4.1043482238159035,0.45666502149393384,7.069630236791932
2000-03-18,3.873602633033987,5.028627805836236,2.2288196512819267,6.640287243347975
2000-03-19,3.9154718580286394,5.822878817523309,1.9740829546747656,7.425852185716606
2000-03-20,5.600507925625312,6.75061547501704,1.9583070647862841,7.096594824119711
2000-03-21,7.246568480134072,8.294721905962728,1.5237972930250638,8.158843478822579
2000-03-22,6.304015502160199,6.185376963773054,1.1104527028870688,9.423896459333953
2000-03-23,5.623649259520919,6.7660127913680475,4.535174399193805,7.053196134664941
2000-03-24,6.98882014149031,6.7162572591852365,8.068847933908692,4.704690012290683
2000-03-25,7.168273203908721,5.988740789837279,8.17981374228271,3.925430865819837
2000-03-26,7.151672710431899,5.7452888995838505,7.843583890327615,4.280302032895526
2000-03-27,8.03945948350869,5.3768630031211435,10.053907266844114,3.191142041584472
2000-03-28,7.368540614736144,7.421542273673921,11.358224891273105,5.007884953523386
2000-03-29,6.561577671577149,6.544854200999334,11.975711174851801,6.411941814129977
2000-03-30,5.344534807885308,5.758296532920992,10.519754691809627,5.898433642586717
2000-03-31,5.1373280813475946,5.242753328920564,8.612311023719569,6.819498632742539
2000-04-01,5.089886928682408,5.340303926634875,9.093518509529652,6.682056119452065
2000-04-02,6.756394517570987,6.308631145782842,9.78689736988171,7.081695792665613
2000-04-03,5.005569469913716,7.505589804986849,10.03057069877077,6.9616589003663
2000-04-04,6.367959857165195,8.938058676633993,9.031130700975918,6.7304205497731875
2000-04-05,6.8372097419394695,9.028383531100186,8.660330539787253,6.923867988789012
2000-04-06,5.910179684425529,9.75909197198888,8.08412733939241,7.5456019149862925
2000-04-07,5.341811294631479,9.619618329129791,6.57365703407431,7.682267600127696
2000-04-08,5.316826185901852,8.3337013172622,7.326544864858339,5.385532187815713
2000-04-09,5.48303822042383,9.691590422643486,6.417512867904943,5.0855280759590995
2000-04-10,6.071387900916401,8.807225103157103,5.691954562788139,6.407345729761304
2000-04-11,6.553472215684307,9.232128886737172,5.103032071666146,5.216950527232505
2000-04-12,6.994782523793122,8.178078611738878,5.466290050038542,5.336270712395316
2000-04-13,6.17992282141147,9.400848927875638,5.32709103882135,5.796160407780297
2000-04-14,4.424465764452528,9.92691634995047,4.634445616072959,4.022311574067267
2000-04-15,4.2044608781719175,10.19741789896084,4.916457125720966,4.449021807515201
2000-04-16,4.21205184105004,8.602006096979068,3.7149296994535854,4.409281254821709
2000-04-17,4.263549813799456,7.784351233597616,3.775997659064889,5.0109535316694105
2000-04-18,4.244613272605547,6.722806097249311,2.0293850891394065,3.006927262500889
2000-04-19,3.7073937115491034,6.179033949251896,0.8093892495576087,2.201764138217327
2000-04-20,4.517904182998094,6.041149120908433,-0.19140929496015846,2.5340151077559105
2000-04-21,5.805464768653076,6.134356843448186,-0.012583619907611088,1.335563877394474
2000-04-22,7.628720861131519,6.994759954469758,0.8447837692773803,0.7469041512504256
2000-04-23,8.692070100021326,6.20144279550483,0.5529597896365743,0.9747208057255122
2000-04-24,9.066740394589413,6.238042466872586,1.1527169278748812,1.5372562564432763
2000-04-25,7.771094156435533,7.1249411552309185,1.8617389041368335,0.4326206276361515
2000-04-26,7.228200332989703,5.889795961830736,1.8563504140601392,-0.11964861433902763
2000-04-27,7.3878662479399235,5.843062337964892,1.092040962843371,-0.3516935587648232
2000-04-28,6.6111741984890715,3.850118297450666,2.1410234329330438,-0.34444597529434035
2000-04-29,4.39908104337572,4.638732861815091,2.0959296912407224,-0.16705137589744856
2000-04-30,4.570145909658601,4.721075888591127,2.4550378239694073,0.19756796867071535
2000-05-01,3.7630224337330294,6.030150131768955,3.069209218158467,0.1024567070540225
2000-05-02,2.2151260922388807,4.623965562899043,4.598023962481565,-0.6215766348346531
2000-05-03,1.577579174405516,5.201342718324719,3.6756321556848066,-0.6209772722421018
2000-05-04,2.066140255330243,4.425455981318396,4.003584021255705,-1.0295507308262675
2000-05-05,3.689832161661771,3.923465930560079,4.5090125340847695,-1.2185808397832711
2000-05-06,2.722333746858177,3.624673772904901,6.020748491499431,-1.2918191141609676
2000-05-07,3.9532880723019823,2.9499617226599684,5.705915098963749,-1.2313271662405303
2000-05-08,4.225522368149113,4.573241744774811,5.6490606120565,-1.8204045232567283
2000-05-09,3.2519597163012364,5.0548094808287285,5.478425336440169,-1.492947483857131
2000-05-10,3.8536667940868425,4.974501947246397,5.000345227461081,-2.3237614187994002
2000-05-11,3.359456640982222,4.376399597754277,4.6573552101224545,-1.981435405378556
2000-05-12,2.270079489174749,5.472881453108782,4.394679413320807,-2.6104654773191625
2000-05-13,2.7912166308742936,5.123541839946794,4.111526472000071,-2.792329071618094
2000-05-14,1.6678725262519245,5.2955531272006136,3.4375985123353665,-1.7466092620326967
2000-05-15,0.7046676117653923,5.46880451960171,3.269714696623551,-0.7873435171375823
2000-05-16,1.2402583822116173,5.947249528080884,4.441264049196247,-1.1401737683473785
2000-05-17,2.4986949419874636,6.166891226474306,4.924244975905619,-1.5040927360037073
2000-05-18,3.335967971416584,6.014779171412221,5.056637314727169,-3.52125227960483
2000-05-19,3.4066249732487726,5.502698813903154,5.389670219075398,-3.58237304557082
2000-05-20,2.4195794456521575,5.535059683285196,5.5026867508285005,-3.5974422624356555
2000-05-21,2.6192904666917913,6.5976529903040735,6.436806035346516,-4.712251023595094
2000-05-22,4.16777481893258,5.078107878962285,7.381237429944494,-3.7885166752353996
2000-05-23,6.0803351314856116,4.889645395845165,7.520277165721006,-4.169638634771352
2000-05-24,6.233045994540616,4.422774887751933,7.466633113852042,-4.307374631623324
2000-05-25,6.060283904370766,3.0796117854468146,9.145351201169284,-3.329901541668839
2000-05-26,5.368857330134153,2.5385349730360263,10.464305079770682,-2.924802500185774
2000-05-27,4.418313050834878,3.552599878720587,10.46416443529938,-3.24549811470499
2000-05-28,3.7685679983428146,4.665922870801697,9.321781985168172,-3.310031593317076
2000-05-29,4.752091409464023,4.565617186256125,8.304032775090713,-3.325972174071554
2000-05-30,5.886183813902644,4.720331967676877,8.863513524203173,-2.6201011169508313
2000-05-31,6.513777220204,5.533407600079474,8.963346280455688,-1.3361082083487659
2000-06-01,7.0445601585195,6.784658394305922,10.952963455673034,-1.820343221795373
2000-06-02,5.180292544834824,7.942172009077898,11.24919854694267,-1.7305018277117146
2000-06-03,6.117817798843484,6.9626269013626425,8.753249619181533,-1.6090264268601133
2000-06-04,5.071768039743709,5.919300709656984,8.675333805778967,-0.5323716607849769
2000-06-05,5.3904220348465826,6.658086266853064,8.370274423856419,-1.2819292223387395
2000-06-06,5.450655636317779,6.593999338641491,8.277538358719308,-2.1211122874996917
2000-06-07,5.64240269816036,6.935867510571308,8.65888671587364,-1.592304081719914
2000-06-08,6.827928561162231,7.230971707299799,10.204447136487481,-2.746529598445479
2000-06-09,7.269780581220479,8.20763749396676,7.7225401612413735,-3.7293046527552915
2000-06-10,5.525995162616514,10.449883217055467,8.667941464602423,-4.761754241951207
2000-06-11,6.106625241521506,8.39258051374621,10.72645693266729,-3.354268138248242
2000-06-12,7.120070020966734,8.313873198831919,11.345342465016811,-3.029592958919969
2000-06-13,8.73208948423127,7.12781437559989,11.94859854805047,-3.9139700575343817
2000-06-14,8.374716690618374,8.73010858391634,12.074902850948206,-3.1649252296775114
2000-06-15,9.00123262840392,9.56130534062866,12.938390295829457,-4.8800550180651046
2000-06-16,7.912776651522179,8.950121402794293,13.413513919989315,-4.299598892502567
2000-06-17,8.846561789428408,10.709829529179117,13.51251683816853,-6.345041970535984
2000-06-18,6.0072455688862885,9.304699769045936,15.18719460647956,-6.45099953490474
2000-06-19,6.927342947994378,9.616817410533123,14.466817987218992,-6.494897848092475
2000-06-20,6.015123834424284,9.877468243970341,12.881736452704233,-5.675437072924577
2000-06-21,6.641419915560163,10.264594704541555,12.074153581805414,-4.920271065226689
2000-06-22,6.783999682500398,9.371247778738548,12.939763526215396,-3.9460865117464845
2000-06-23,7.390416539931864,9.77887657969628,12.241510121571851,-3.666821941536709
2000-06-24,5.824199385082737,10.039416127277054,12.879198166593493,-4.781878315145238
2000-06-25,7.213837001484344,8.723257167493884,12.211151677128365,-3.4910550146333597
2000-06-26,6.9985458827078135,9.101542488884723,12.835179274961353,-3.280127657152269
2000-06-27,8.69829248638836,8.776313600900043,13.494937400124297,-3.4868171095481046
2000-06-28,8.369790122654816,8.769376244360863,13.280555813167185,-2.6169202692942464
2000-06-29,6.563331591248674,9.038969360200698,13.001655069832388,-3.4566184692259267
2000-06-30,7.835766675755526,8.841648598863207,12.558335578636736,-4.168156864794544
2000-07-01,7.165293005333068,9.582965276292544,11.90663577673053,-5.019403228649999
2000-07-02,7.896402555392032,11.093125219401903,13.198136294182218,-6.386065592418631
2000-07-03,6.13018517000036,9.775786039277111,12.085867006336002,-6.255239608060109
2000-07-04,5.805830153516977,8.890403476308332,13.179277873959789,-7.650358243488628
2000-07-05,5.6399191847106085,8.606663791177795,13.998265140016624,-6.614184133272069
2000-07-06,5.408546561338815,9.314151059045171,15.657991945772652,-6.356678854242189
2000-07-07,5.349379541195149,8.641661711839554,14.45348647712018,-6.53937488809683
2000-07-08,6.292902312094611,9.216075511211457,15.902354402410555,-7.262000101539729
2000-07-09,6.481884602201383,8.85710804215941,15.18262647880035,-7.399435805207624
2000-07-10,5.7145160217102,7.737158698896328,15.53266016410039,-7.203285570712991
2000-07-11,5.194035053629279,8.218806845320922,15.682899506997321,-5.560278970913519
2000-07-12,5.948890982227442,8.489330756841456,15.730639419425138,-4.557774684409873
2000-07-13,7.039923245129913,8.307218214868831,15.751150564615035,-3.843289453251864
2000-07-14,6.314128058902338,8.775863518762511,15.938531215302312,-3.3201837834728796
2000-07-15,6.256737199051776,9.561502298688426,15.285920052698037,-1.0312836665534424
2000-07-16,5.752710628262624,8.664787586100411,16.293563499802584,-0.9703927416397343
2000-07-17,4.932184267467304,8.462452869398527,17.479567375437714,-1.1244675032638942
2000-07-18,4.419645199889706,9.119181784852477,17.521877652463868,-2.175193650294977
2000-07-19,5.976030956933357,8.414579036895633,16.989457074825655,-2.0011691730557866
2000-07-20,4.017980981884787,8.85902251848755,15.985865992038917,-1.9777565479797914
2000-07-21,2.9602742375722446,8.679120966666355,15.27521585422575,-2.471192691187701
2000-07-22,1.535767932813365,8.661487836384726,13.581246021223997,-3.726279610172606
2000-07-23,2.926258617007787,8.35684779149281,14.74443918049469,-3.511382685644809
2000-07-24,3.5426611847529976,8.268473080481701,15.065735942850562,-4.321841315221306
2000-07-25,6.1534195741631414,8.86139663376838,15.471183738088856,-4.68300838983704
2000-07-26,5.3834146002697345,9.381901775181156,14.382355524885694,-5.336952225208036
2000-07-27,5.3626059688937255,9.438307011052311,13.964726550229376,-5.651423051860162
2000-07-28,5.1835192843341815,10.579264960788425,14.837513701055821,-5.114763030100405
2000-07-29,5.256473209542424,10.191089355573236,15.466252769883859,-3.97162967797224
2000-07-30,5.66492782869418,11.482523618436254,16.725334625058085,-5.905608957466624
2000-07-31,5.21719023177254,14.26722198557527,17.53585224141343,-6.384176406748159
2000-08-01,4.4846584421637035,14.877620767148018,18.91453765495365,-6.058189606972529
2000-08-02,4.6017080862228275,14.172757677805206,19.05035161461303,-7.141230892443489
2000-08-03,4.876498537106287,14.064043014892347,20.191394351744172,-8.114281647390502
2000-08-04,3.5617978531664765,15.474176089598393,19.703540887943294,-9.447530792161375
2000-08-05,3.0753799778659694,14.08315530043696,20.354679760454538,-9.940021068425342
2000-08-06,1.8018909480609713,14.245339879755349,20.330204154053927,-10.4410759263438
2000-08-07,2.859656976272543,14.02719790987414,19.39294933601548,-11.062211521908981
2000-08-08,1.910020998426764,12.922058147382565,19.3537395281764,-10.72784299090826
2000-08-09,1.7353107658809075,13.186300357358915,18.604800251413305,-10.736503735141808
2000-08-10,1.3313799141899068,12.168548630863691,19.294838821698125,-9.98683560211442
2000-08-11,1.8307129495059753,13.737171086857394,19.05141465066363,-12.270608902389558
2000-08-12,0.9495908054755144,15.190761049307193,18.358341714594726,-12.66511795458588
2000-08-13,1.4393875797092743,14.40631429335808,18.343801537390235,-10.889020293231946
2000-08-14,2.561735222118129,14.360541499312095,19.01616255514312,-10.572631936732556
2000-08-15,4.56009048672553,15.932428873383687,18.968132235165545,-10.992520535537116
2000-08-16,1.9645509740521274,17.18635592231084,18.73825888175634,-10.019553303120032
2000-08-17,5.161333668093455,16.751842225210847,18.518943736026788,-9.825130770692684
2000-08-18,5.481889785189311,16.093600654909306,19.23209322605724,-9.03343029426682
2000-08-19,8.06178054070244,17.23738106823882,20.638811792205733,-8.760943175540847
2000-08-20,7.747429564686106,16.84383611552611,20.850715441899546,-6.517040381581172
2000-08-21,8.978200166165069,18.69956096010398,19.404793669647322,-8.0151701161825
2000-08-22,10.33163396456157,18.31910218546368,18.709895747686822,-10.553092782826752
2000-08-23,10.229385150947813,18.788071931567952,18.170875301035355,-8.873576654270419
2000-08-24,9.971923140099202,18.686049370402433,18.356023048127422,-8.761962347836299
2000-08-25,9.581719824556115,18.91091431657851,18.25951290733506,-9.435991631567365
2000-08-26,9.239348849491035,19.34674510005868,20.387899372321293,-7.565560518812833
2000-08-27,11.290288387099617,20.56757500131925,20.883641076823753,-9.471263078140282
2000-08-28,11.732170394042834,21.069351270623933,20.840895650286132,-7.422343710160185
2000-08-29,10.777097758480366,21.11630830576568,20.339399208154973,-7.8845303582978055
2000-08-30,10.124870475645709,21.544665499712956,21.233581738072235,-6.966847633416677
2000-08-31,9.268848646295247,22.364069820835997,19.91215928631629,-5.508119474853477
2000-09-01,8.899856228926165,23.329969480252412,20.12435838667116,-6.473205822858056
2000-09-02,9.156879321409019,22.492845786273087,19.963023869230728,-5.7955968249128595
2000-09-03,7.502886393549058,23.170875908670524,17.82885146363103,-4.648186901952224
2000-09-04,9.236199244271745,24.602298234135315,19.31803456030313,-4.310807250893315
2000-09-05,9.489380375793132,23.688622420394033,18.6829448013661,-4.768723737984447
2000-09-06,9.063926812771008,22.854044248151634,19.31711114461859,-4.054153273605981
2000-09-07,7.858697598021481,23.55832454650396,19.523370841298302,-4.695679243606759
2000-09-08,8.0374426153885,24.462723302705704,18.567104907144262,-5.539058376327312
2000-09-09,8.1853903362644,24.304940337119753,20.923606490132073,-5.986234932388255
2000-09-10,8.907733207468128,24.415171178917507,21.89127959134806,-4.965914952669863
2000-09-11,10.083178296402375,24.85423206660636,20.69542592430565,-2.658553441175026
2000-09-12,10.411135239823953,25.968222754350474,20.34229711302942,-2.1763143801203184
2000-09-13,9.88587274651155,25.783345984066777,18.28994531668959,-2.857622967685862
2000-09-14,11.021817544009862,26.260346409362278,17.890169084596067,-0.7548974452565318
2000-09-15,11.97217838686601,25.451184173175577,14.778716798951217,0.10904009969192052
2000-09-16,9.485124721545374,24.650094910595655,15.43030318688486,1.2186424619796206
2000-09-17,10.569332516180836,24.15455392477458,16.087432500474286,-0.6014785737329262
2000-09-18,11.409638875201471,24.190730249192228,16.638093632700105,-0.3436809578302782
2000-09-19,11.417911785495637,24.267856967522064,16.806129294727995,0.5773999067235867
2000-09-20,11.567212414087704,23.347111089327463,16.294108265094863,0.4660198347049409
2000-09-21,11.859124773595633,22.114232590633453,18.654279135591814,0.9877904282444421
2000-09-22,11.805022729517445,20.923430609632497,16.680478453188503,1.0708864898626074
2000-09-23,11.211091850045309,21.713541905369198,17.324540787983917,-0.5956756549877391
2000-09-24,12.30749859698837,21.560155651348534,15.796325589172815,0.005958574276484718
2000-09-25,12.049209560942149,20.255662242868105,16.798245030040544,-2.3051490109228685
2000-09-26,12.25906444174785,20.050176734268213,17.596747204221572,-1.6821626067340454
2000-09-27,12.655399953982341,21.685458356792246,18.12088722353982,-2.127315570845376
2000-09-28,11.85460646222976,21.101224639544615,17.272960654058565,-0.5203399234059454
2000-09-29,12.228812007620377,20.02522960069085,19.15959733724241,-0.10485900501428702
2000-09-30,12.976577353797659,20.33083636973101,19.13198625872185,-0.10151722247594906
2000-10-01,12.37652307148093,18.981746212625016,18.69800318909546,-0.618001824540857
2000-10-02,13.809513787942908,20.80432561015858,19.78007670219933,-0.12525544793136323
2000-10-03,12.548958313417547,19.87632483368162,19.08634446335404,-0.18988040957597183
2000-10-04,12.827862263015632,20.444014625374606,19.880901521819414,-0.8435986914348972
2000-10-05,12.94222443407782,20.91224597405145,18.48512255956792,-1.4682788811480685
2000-10-06,13.433744404552211,20.95502576178469,19.496293799302986,-1.1785306190678995
2000-10-07,11.95966073746364,20.158072029157424,21.500824639237283,-1.8381210335421825
2000-10-08,13.092832288674389,20.765613662926473,20.858560937360764,-1.7490513806078085
2000-10-09,12.991496288423058,21.459209900848474,20.652236321067633,-1.9092625881959375
2000-10-10,11.871108506022587,20.573378139760656,19.689224276156796,-3.2937335292726626
2000-10-11,12.4311749883978,20.087432887696245,18.913799728522026,-4.874189427723227
2000-10-12,11.791800836516245,22.44818588027215,18.514758592529606,-4.332608648110682
2000-10-13,13.61227712926814,23.592903642873658,17.44718224831732,-4.227171136154373
2000-10-14,13.64977988199456,24.5361498421463,18.9993716618625,-4.728408429771333
2000-10-15,12.330791807844474,23.74263263785585,18.95918723366686,-5.511794134231186
2000-10-16,12.121348674125086,23.370237986417653,19.579008759680672,-5.4237458661821245
2000-10-17,12.205535868239593,22.758240635409734,19.137615594035,-4.091217288808339
2000-10-18,12.098285561335315,23.197231625371856,19.031125450330016,-4.974205757677716
2000-10-19,11.750863467425303,23.36074065927313,19.803149553982404,-5.9212895139722495
2000-10-20,13.098586672674044,22.019361804209588,20.898896480262522,-6.959316404137401
2000-10-21,14.303429233794262,20.94304320568772,18.271246724579893,-6.633916843183636
2000-10-22,13.217773938328733,19.993751409736074,18.934266194848654,-6.85398915430771
2000-10-23,13.063857416627071,18.258207187170193,19.59981999048347,-6.318123586999232
2000-10-24,12.900730864934085,20.265256395912484,20.062040454972667,-6.138506016217251
2000-10-25,13.744979970441486,19.14000728110494,21.271346758669324,-5.869764737461121
2000-10-26,15.043724582183147,16.883610600716207,22.332107898302105,-5.289235483979716
2000-10-27,15.231143977316112,17.749070951324157,21.133049163266865,-4.457658763259054
2000-10-28,14.782586968511106,16.398743403125952,19.465941748228765,-5.828365613281195
2000-10-29,15.067485852165289,18.33140346397308,20.004692260007026,-7.246737586155941
2000-10-30,17.087013591462934,17.46874906103408,19.685812679769228,-7.10838401923194
2000-10-31,17.235274871148718,18.238150970152656,21.270545313350485,-6.677566151903303
2000-11-01,17.408506518806973,18.23573641855086,22.63619207710518,-5.636196055470091
2000-11-02,16.547902916882776,17.35195780798608,21.989250464865634,-5.669034465730197
2000-11-03,16.391520591211638,19.060714649443476,21.643551688379915,-5.717656834845171
2000-11-04,16.083891877859845,19.667909547321752,20.106566056531598,-5.811493596173717
2000-11-05,14.215712302799387,19.58268356656696,20.45148609198117,-5.087618897814941
2000-11-06,13.369843125538905,21.183005502293472,19.466855667329288,-3.3932065130864935
2000-11-07,15.30272284672133,22.812263779067113,19.989625659849477,-4.440091902372426
2000-11-08,14.445596970175805,21.557595099030117,19.132662857390695,-5.038965245719826
2000-11-09,15.804958301687334,23.999517170242452,19.03739998672551,-5.577946053551246
2000-11-10,16.31061441182008,27.152633627893497,18.84874960470534,-6.542604326967732
2000-11-11,17.71168575202933,27.146093786314676,16.879563945723948,-5.013499728487356
2000-11-12,19.150772402689853,26.063795032156612,18.2585174791858,-4.187155392330297
2000-11-13,18.73783363966289,25.87503869772971,18.13978676558632,-3.235034205969072
2000-11-14,17.446133384283222,26.081604281812176,19.255406371518347,-1.916815238006011
2000-11-15,17.79168877776428,26.098270269661022,19.883936689120183,-1.3558743498886399
2000-11-16,16.512484034190805,26.333269336190497,20.060120312156393,-1.2533233154673116
2000-11-17,16.085844554162044,25.600316712700362,20.0910626500141,-0.7107731821534894
2000-11-18,14.941834971264859,25.975670895176684,21.19956538505917,-0.6664598323831609
2000-11-19,14.57900527772182,28.15418748731962,20.16423594952121,-1.118948328821012
2000-11-20,15.893155732524376,27.72993498224617,18.388003842071896,-1.8974672749252828
2000-11-21,16.735871804491417,27.773351402524078,18.22787685002073,-2.849971067173093
2000-11-22,15.303199758652049,28.053156283364746,19.4403923103213,-2.303831432853965
2000-11-23,14.580492666008533,26.02195449251529,20.629564027586625,-2.1544957018030395
2000-11-24,15.252403218235292,26.50266584753615,21.001227622233344,-1.6928954270910694
2000-11-25,15.39572285001601,25.993375932336434,20.88008062296013,-2.599566894973598
2000-11-26,16.29220081755972,25.187136781285744,20.68527009015586,-2.2137791528953015
2000-11-27,16.611328493418767,24.909043404995955,21.549872525710512,-3.148997016807622
2000-11-28,16.406779558849795,23.091177938399444,20.06600236930199,-1.9445539624870698
2000-11-29,15.451834476422107,22.207053818155803,20.48703870370759,-2.3684114035368586
2000-11-30,16.082643188554385,22.578222522022866,19.661079109725495,-2.5744756089559315
2000-12-01,15.525150160331625,24.394208823266,19.705699091270382,-1.8032928754734525
2000-12-02,18.35454804829107,22.756089269015725,20.439651230237693,-1.6638234159259133
2000-12-03,19.110908625351538,21.796371869343698,19.98854572508013,-2.1167399701338954
2000-12-04,20.87848220234749,22.01711639783891,20.991667308422542,-1.1347488093718954
2000-12-05,20.88752007455033,21.411000204274085,20.97248317799936,-0.6653450278529007
2000-12-06,20.99132624421417,21.021888319755536,19.590201082302432,-1.4341596347762184
2000-12-07,21.246455216095015,21.80044158781523,18.558595842887023,-1.8645027372984728
2000-12-08,20.635560690339254,22.322794094104864,17.803955694886994,-0.9480829088151018
2000-12-09,20.981223251004117,21.90208376493763,17.353042693984143,-1.4200508659887974
2000-12-10,20.935222724557285,21.656921319302253,15.76690582339938,0.19597124025320656
2000-12-11,19.85032431376095,19.678184539652268,15.608230317084049,-0.37619998531047194
2000-12-12,18.702730714115216,21.173643977455136,15.208976507003781,0.855941058483141
2000-12-13,17.459115496306048,19.568914688421053,14.569903103933163,0.5727428467577005
2000-12-14,18.544033836201663,19.60049759733566,13.12946389136127,-1.9838360526465546
2000-12-15,19.730009855689676,19.991519034827853,11.375643638893948,-1.5130576079181137
2000-12-16,19.336960710844323,20.411659952727994,11.738340188799823,-0.9842138519284693
2000-12-17,17.432635443659077,21.016707796748918,10.620652454117229,-0.04298173170082453
2000-12-18,17.578408938303298,20.276707905771215,10.639952736987624,0.23800519402512132
2000-12-19,17.20973560328902,18.67360538033768,10.106067856489931,-0.25855281638025074
2000-12-20,16.823638645655432,16.80892040433484,10.11336925994331,0.9462861351501585
2000-12-21,17.474345305407766,16.08193123088496,10.36898431584741,0.7797060735548859
2000-12-22,17.29331834608924,16.681336437132803,10.510364073278529,1.2049402549168575
2000-12-23,17.933976481136543,17.17305839940028,8.966822478357939,1.7339345390339733
2000-12-24,17.153696509887997,18.003073844981493,8.406376356754937,2.255803212654093
2000-12-25,15.987328763959306,17.581419334986624,8.571017034084852,1.8591720729778594
2000-12-26,17.498432731417587,16.669558251451274,8.995226282606021,2.3509232591660147
2000-12-27,19.03394922017555,16.23224603908868,8.018947178570556,1.5502516860142994
2000-12-28,18.200207019581708,15.218334461632178,7.991750005335952,2.4272375688481613
2000-12-29,17.542373299218706,13.49351223232637,6.5391622821707385,2.1805243639820837
2000-12-30,17.683482309450046,13.512813735103649,5.309499492902864,1.7945972071277438
2000-12-31,17.44528112931822,15.07138417255828,6.110229400707986,1.7867744743602731
2001-01-01,18.221322259185683,15.407351871239223,5.916130124503868,1.357240636074334
2001-01-02,16.027526453290616,16.41476799652123,6.396186861174373,0.603111863693892
2001-01-03,15.799392382660054,16.642257689262657,6.147473898548549,-0.9957165161508225
2001-01-04,14.077495995214534,16.960166355015485,7.308965369939217,-0.6211598178242845
2001-01-05,13.962614450956732,19.07216456453375,6.058287156900018,-0.46833414153483344
2001-01-06,14.30403955747657,18.396990033098895,6.932596664418572,0.4167284780416859
2001-01-07,14.152314544702076,19.6238357144461,7.886243965561038,0.962929744859801
2001-01-08,15.128240574561104,20.099599813425794,8.682473586120368,1.1330567366515227
2001-01-09,13.704779799924758,19.9768090148715,9.644059849473168,0.03398004926071496
2001-01-10,13.432114943940405,19.637088173952005,10.167137622308656,1.8511943812773133
2001-01-11,13.104637772131927,18.00821587217313,9.088126773714782,0.5975961099729434
2001-01-12,13.512998581610233,16.84253266715937,8.223829136947797,1.9813102235423106
2001-01-13,10.650089543683547,16.549717146551195,8.86100011746081,1.5663533496577036
2001-01-14,9.865802990867703,16.681558924567916,8.091664355325603,1.665267071542821
2001-01-15,10.997265647420056,17.812039257285416,7.394617582870139,1.4617702148018528
2001-01-16,12.605801132643332,15.647878175498608,7.4542361427533494,1.1078659512981437
2001-01-17,12.802069724823953,14.76053788072129,6.456989859531274,1.287513519005969
2001-01-18,13.527238234825306,14.141690947067046,7.413259020106399,1.2343731015633956
2001-01-19,13.222996817761071,12.532363955752546,7.779295416401622,1.6490903011219908
2001-01-20,13.341693847562638,11.509268409917125,8.515384894202237,4.646904202231705
2001-01-21,13.298926867032225,10.901687351942774,9.023580478270329,3.736553364225138
2001-01-22,15.856674297422831,11.119286994859824,8.889620057788962,2.5735044761273347
2001-01-23,15.647687847828962,10.98492190304508,9.683576403948106,1.30653352910417
2001-01-24,17.170118282624436,9.959417717587385,8.85894575881012,2.9819398404599426
2001-01-25,18.414474502359933,8.247261039053358,10.68673202840009,4.388466233356438
2001-01-26,17.814940333226392,7.9766054892692475,10.83362750196836,4.080807946406572
2001-01-27,16.747223785692967,8.232365780941484,10.739601573071157,4.077252053435285
2001-01-28,16.08837052332502,7.274321904834758,8.432429541216775,4.127882562351542
2001-01-29,17.686119530074226,8.276825731079633,10.128201504303416,3.640423838911982
2001-01-30,17.30501498347392,7.101900423148574,9.365186271829916,3.210300057666691
2001-01-31,19.027971838245968,8.378812224664554,9.853364329960309,1.8451277208492505
2001-02-01,18.298442828024758,8.55323423016111,10.420021963932468,1.5301873389343208
2001-02-02,18.129499567582663,8.344937359627,9.724982393415768,1.6849945918758926
2001-02-03,18.000376701501303,7.410169109506479,9.164688193174085,1.5621657310207933
2001-02-04,16.977533405891794,8.066394212986236,9.181053661904699,2.715022820207185
2001-02-05,17.12035298386294,7.843499649983604,9.89683390416203,3.636974191336756
2001-02-06,16.618582145212432,8.424441064073537,9.187301790433041,3.6750605816721564
2001-02-07,15.22440518445964,7.258147338912048,10.017662626308441,3.161432058900508
2001-02-08,15.03701512851286,7.078696715304138,9.070603757710657,2.900612838957991
2001-02-09,15.319281408134168,8.392915485593747,8.14434704027524,2.6620682498844985
2001-02-10,14.0889718120245,9.228433646481294,9.865745306344023,2.7156132322351905
2001-02-11,15.03772620362983,7.336785845029065,10.695282908670624,1.8044816026604746
2001-02-12,14.500866760338122,8.672801255052521,9.803174294883597,2.612758911439508
2001-02-13,14.512882827904754,6.767999434312858,9.299395482287103,0.7218322763457057
2001-02-14,16.333377999608857,7.329749659780529,8.215707029710012,1.0752928683332692
2001-02-15,17.92156128883707,7.300156085798426,8.406685915485236,-0.6973518408724737
2001-02-16,18.7751801333812,7.176918293120706,8.788809552435856,-2.3416421940587187
2001-02-17,19.218375188918817,6.403097153247891,8.201346678417655,-3.7764269320477792
2001-02-18,17.306435681024112,6.066105534382622,8.7731655895128,-4.203533891462328
2001-02-19,17.522129403516317,5.596949793779862,8.490572542548321,-5.259943435828304
2001-02-20,17.556012112788217,5.006042812504208,8.41514251383798,-5.948886979559654
2001-02-21,17.170409610706084,4.521351615231227,8.697610844519252,-7.0865296277758185
2001-02-22,17.727929919326105,5.694452905836413,8.251862368877958,-7.7971671698442995
2001-02-23,16.270104644267143,6.265798732934667,7.650307554845895,-7.525199744864347
2001-02-24,16.484167877437496,7.6808779187066465,7.285665975431306,-6.396712060304917
2001-02-25,17.769958062560907,8.028691638604721,7.262853408000904,-7.771409803863971
2001-02-26,20.181955071682083,8.6160772947257,7.103924767293033,-7.796532436130278
2001-02-27,20.79908057182089,7.218491492690908,7.7250031371940295,-8.036938975347644
2001-02-28,22.10620341480916,6.514410814087025,9.029437221688534,-7.6300009117402325
2001-03-01,23.048611427498084,4.037953758439939,10.241274722905564,-7.327232486534813
2001-03-02,21.42618778569099,2.974570404385884,11.803775815988383,-7.3603617245185635
2001-03-03,21.259240337328645,1.076219397596586,10.468195789559406,-6.3707667525424
2001-03-04,22.19329739738924,1.1015801352357053,11.392254422477627,-7.498235668696834
2001-03-05,22.487524328103415,1.4439091645644904,10.648563275939708,-8.37678515871536
2001-03-06,21.477109830701966,1.9240806841998135,12.111412043090901,-8.565286699014196
2001-03-07,21.62413403469298,1.3843274647921173,12.205832904782639,-8.215897518699988
2001-03-08,21.483022705067814,0.48299630752144274,12.697560371517442,-9.701865178901624
2001-03-09,20.992452958907936,0.10501179441943065,11.755526617887792,-10.596427382289253
2001-03-10,19.62861678542551,0.40497803555086637,12.19777201888713,-11.120693948473534
2001-03-11,18.93946835701841,1.6991860777343584,13.784175448397544,-10.909643396995834
2001-03-12,18.743926412560764,1.680816313789342,12.986982547077643,-12.0198180335469
2001-03-13,19.094508235883154,0.7778466552534136,12.949919704021518,-10.064948653535794
2001-03-14,19.53522373924008,-0.22182193322250565,10.541199812657984,-11.042561608537588
2001-03-15,18.31463883812341,0.32173412158093595,10.787526381487382,-10.89042207267137
2001-03-16,18.589773151635022,1.9553376301452459,10.833661321136523,-11.952625143222923
2001-03-17,19.154120663807767,2.4615687361342116,9.89731088698853,-11.568707058804131
2001-03-18,19.73638671749549,3.368814040074529,11.515390229771688,-10.18837755916664
2001-03-19,19.78063442185778,2.995629223664907,10.522964050619283,-9.178721625119262
2001-03-20,19.17879117909605,3.88538866106842,10.43651311612268,-8.089832876273878
2001-03-21,18.328145291073973,4.595437421212316,12.148391644129369,-7.627197104668405
2001-03-22,18.3394734634135,4.8728190387964565,10.472077934201648,-8.98772624532457
2001-03-23,17.52557139277427,5.977776670395395,10.603509934212015,-10.397761981881372
2001-03-24,18.166995544526728,5.924099870980817,11.990385131206986,-9.774430394606805
2001-03-25,19.08679466462232,6.233877449519265,11.122876818062187,-9.385860374808583
2001-03-26,17.96920373661812,5.040326201134207,12.198962056397432,-8.725760460756439
2001-03-27,18.461433721535727,2.3668841857429497,10.560090644700434,-8.843466754730892
2001-03-28,18.290715876383132,3.254918469322699,11.538912147753031,-7.458678920027177
2001-03-29,16.634977954086974,2.0530280593719263,11.653035964799038,-7.479271721507545
2001-03-30,18.443550612352443,1.4379916023777557,11.841207218000793,-9.505862144075135
2001-03-31,19.89578550673956,0.8570851388985187,11.622193305602881,-8.38796418310096
2001-04-01,19.332311718551342,2.0735975097623873,11.885440960935759,-9.55761067893533
2001-04-02,17.967352583182585,2.2564921005530003,11.536203295604667,-6.8689685035949495
2001-04-03,18.125463334854388,0.8418882741356017,10.594007252300688,-6.888545115954734
2001-04-04,17.594787298880235,2.036983411827056,12.29151149242012,-6.064775672264645
2001-04-05,17.428699369013785,1.524958677032466,10.610295791927392,-5.949180596088786
2001-04-06,18.220779026739972,1.075492252227742,8.853348424604263,-7.666068865458033
2001-04-07,19.394755141909783,-0.5813981999991342,7.805659252606365,-8.483320180776062
2001-04-08,18.92740273345343,-0.05438766512137572,8.300928803433381,-8.13187314813625
2001-04-09,19.606865455745282,0.8413531582536498,8.261967072206104,-9.421297765353044
2001-04-10,19.254019395793502,-0.29117824418571114,7.090486876173309,-10.577166815477586
2001-04-11,18.702343984171165,-0.34679930179666707,7.817515870095095,-9.667846297476654
2001-04-12,20.215631323365542,-0.7445427129632338,7.363673207341953,-10.514716927634462
2001-04-13,20.131975118724025,-0.20069136376286867,7.015807070694924,-11.447826562203172
2001-04-14,19.078642468768653,-1.2090246992864613,6.363305322408013,-12.277136945849794
2001-04-15,20.52175227529082,0.0025074287035873333,8.715171927342068,-12.381867776004807
2001-04-16,19.869521881786426,0.010539789233932267,7.371422709045548,-11.322633904733642
2001-04-17,18.643098118471656,-0.42109337654531265,6.509717284010133,-10.144125930006723
2001-04-18,18.035896817376226,0.3161798843435645,6.827821601590005,-8.913591839966852
2001-04-19,16.74035663874639,2.034655694755157,7.694432757069076,-9.543006170300467
2001-04-20,15.089882431863233,2.765069232037669,7.899825410541588,-10.772794329101055
2001-04-21,14.50512471176366,1.149616918052965,8.183039758639897,-9.79253270581902
2001-04-22,14.156818831670158,1.8785820482957867,7.160436269631348,-9.218498241735404
2001-04-23,15.329271685297027,1.6831667489752857,7.652457797657254,-9.931129163083469
2001-04-24,14.988912067870507,2.4877117560171405,7.46610770171401,-9.594075358789665
2001-04-25,15.629834433336251,2.221444219469856,7.894716104023933,-10.494970940996346
2001-04-26,15.90988857221252,2.432967051115481,6.405805713936887,-9.545508567562537
2001-04-27,17.45042366829401,0.9572435173062912,6.4059403644266215,-9.87044652797848
2001-04-28,16.31530539756845,0.6074782926060749,7.115461005999653,-7.924620839777691
2001-04-29,15.063461812256138,-0.5517381464763274,7.096492430747012,-9.273493061939206
2001-04-30,14.14900438885971,1.0435194179992606,7.111589593160815,-10.27161623480571
2001-05-01,12.012878126459997,1.717241510301409,7.020746393507151,-11.11727948050341
2001-05-02,11.499650686282669,3.2376924858521665,6.8396647790823994,-12.045519849617566
2001-05-03,12.354824561173729,2.8977247044337595,5.704044893679504,-10.720899351255573
2001-05-04,13.361908959499566,2.566544113583547,6.624956256109387,-10.639311830474472
2001-05-05,14.123701988439574,2.1130816866131457,5.036993548651914,-11.019118963704372
2001-05-06,15.145950743064656,2.0231500286250723,3.807108938052587,-10.876163289721603
2001-05-07,14.64152729848911,2.520669777232871,5.215236792578866,-10.281030180265162
2001-05-08,13.942134967443394,2.158132793169934,5.081210573774844,-10.603240867945942
2001-05-09,14.792230747333711,2.5920927697446854,5.8731942314038115,-9.633472337424216
2001-05-10,16.400708299345155,3.0872526117680223,6.088425142580307,-10.338397371794786
2001-05-11,15.585414612188066,3.1914690981079543,6.769978903112564,-11.11747397058004
2001-05-12,16.924657597704197,3.535886149813457,6.850026083492251,-13.74965521286432
2001-05-13,16.256904039088838,2.6059552407514146,8.04605543265266,-13.534399663339132
2001-05-14,17.171553647041875,3.5731819729526917,8.79437718718745,-13.163150239113905
2001-05-15,17.141017019559,3.2470745157176304,8.923999086077359,-11.92311093313408
2001-05-16,17.047918520034653,3.6950267253289466,8.221029850344902,-12.641727088995191
2001-05-17,17.434839583050323,5.384372183099026,6.329108669365068,-13.17412900857721
2001-05-18,17.42313821006818,4.8690140118279714,7.920801876854536,-13.887358764099746
2001-05-19,16.601601943975343,3.832663224069475,8.144681998910738,-13.872665366884322
2001-05-20,16.808516537861895,5.99891163679516,8.72786430040499,-14.95544913654487
2001-05-21,17.09292403556772,5.448866743135747,7.6063124256035435,-15.394297074578525
2001-05-22,15.936645188769557,6.391591976265306,6.830214889661919,-16.10771554978069
2001-05-23,18.083512974608432,6.6368282104874865,7.2146337135119785,-17.550862472599878
2001-05-24,18.039088737021686,5.1611146969084984,6.847493622534545,-18.956614519135204
2001-05-25,18.767736254883754,5.302027796840804,8.398533041479059,-20.722561107013238
2001-05-26,19.48846746594309,5.513042700475221,6.447582032640094,-19.86671817229665
2001-05-27,18.097236422771932,5.517944994863368,6.530195413273937,-19.81988548791908
2001-05-28,18.96972189363746,5.897018349867701,7.223223358782891,-20.39334201658813
2001-05-29,18.141963334650256,5.532867136783402,7.668944274592358,-19.34149714367568
2001-05-30,17.79612473962755,6.2463389042992565,6.977136320855799,-20.0571058725434
2001-05-31,15.365721784754843,5.166903960211657,5.60172604253769,-20.289096257587858
2001-06-01,15.615516978439876,4.034314752973309,6.051956201331524,-19.394024360411557
2001-06-02,15.978450436170883,4.60247067864137,7.065643245268251,-18.611036309432667
2001-06-03,15.567956743079534,3.1521511762398537,6.746821675993963,-18.29940026599399
2001-06-04,14.526096673849791,2.7744981804868423,6.3990590368864515,-17.964913269422382
2001-06-05,16.748402689539382,2.189720615943817,5.472050117229943,-17.359047214782613
2001-06-06,15.452888074533773,1.2518542271563224,6.172235045083399,-17.847890438848946
2001-06-07,15.867415565878904,-0.5350975585397857,6.341593097409808,-18.581674657823804
2001-06-08,15.601634942357418,0.28887029166326483,6.041824125207846,-18.65518995908185
2001-06-09,16.290210668930275,0.06319149176995117,6.293300799014712,-17.719021016896324
2001-06-10,16.926551955446232,0.0005580801977970312,7.486774707741373,-17.985188132879486
2001-06-11,18.468079332602173,0.12117142200962822,6.934107393396537,-19.084524762675507
2001-06-12,17.683419184244926,-2.886791224236502,6.034636665258563,-18.560349622509843
2001-06-13,17.69734412542688,-1.3617243270062283,5.40574313235083,-18.172983228500772
2001-06-14,16.35783187762666,-1.8742782612591267,3.893658259510417,-18.12949991015259
2001-06-15,16.07034736806475,-1.2942614979864424,2.2575484673634554,-17.179152199017324
2001-06-16,18.726095472258358,-1.5301031276762131,1.5534161814543268,-17.459014508427998
2001-06-17,16.98410336358897,-0.8883908228751312,1.7582931470456835,-17.627944388760056
2001-06-18,18.118680993358407,-0.17743938100269174,2.473424976357056,-17.589046319665968
2001-06-19,19.453532243770816,-0.6473782418277663,3.720094169777947,-19.12750606681313
2001-06-20,19.69730441721293,-2.2915798554916194,2.719063966863659,-20.177689548740933
2001-06-21,19.301254206977227,-0.5960996268108072,2.3423416412518825,-19.39583122375386
2001-06-22,18.704545411326198,-0.13973980197288738,2.9370535936160103,-17.662820176777043
2001-06-23,16.96832569900034,0.43554242217705763,2.1088843948037157,-19.334999191736166
2001-06-24,19.365166203163362,-0.35471038175845626,2.1706509059989694,-18.970895122987905
2001-06-25,19.179167601400312,-0.7372111336666607,3.8188262601323384,-19.507678851944036
2001-06-26,19.48778757970708,-0.192150643787927,3.4055570471946783,-18.472345370389625
2001-06-27,21.055264750763822,-1.855576890703646,3.9924668893438846,-19.947529775347114
2001-06-28,20.518921232962334,-2.893577687752509,4.32374104985626,-21.048030906544724
2001-06-29,18.89231737896982,-3.3806459737103984,4.398718030662744,-21.335911601142733
2001-06-30,18.32129267358829,-3.447271741457154,3.2925014992080515,-21.62211805010484
2001-07-01,16.76349356543275,-2.524043849606481,4.942918160570499,-21.769838339754052
2001-07-02,17.62884390848161,-3.4585326295902576,5.481570195379477,-21.971504757819925
2001-07-03,18.554391038732575,-2.651431191640615,7.265759404170531,-20.030442024457102
2001-07-04,19.325062002472844,-2.926902990133744,7.961569301060924,-20.230187411439093
2001-07-05,20.645511523591566,-3.216736598111319,6.303294902479352,-20.071775978766386
2001-07-06,20.33065074489668,-2.9802274660323094,7.341787390267344,-19.745754567493886
2001-07-07,20.95780588709824,-2.1535470487462156,6.23117466758835,-19.76155539352251
2001-07-08,20.516548018331036,-3.4213978396809264,5.102800918554525,-21.849621080475586
2001-07-09,20.835024672965453,-4.652442537743781,5.837939494798006,-23.23750106957256
2001-07-10,21.708274096116686,-4.801934694977859,5.424172435241632,-22.665677798277674
2001-07-11,21.89036168980739,-3.1570419217345713,7.453142816879819,-22.977796306363242
2001-07-12,22.771774745465923,-2.1594871716184354,7.450195011934319,-24.091406432681314
2001-07-13,22.12758611923813,-1.6920746057417244,7.555354116225465,-23.221523666359356
2001-07-14,22.56366308401002,-1.2321705021239493,7.1163224769748,-22.964119964555287
2001-07-15,22.018044052756725,-1.059837831278829,7.023038860763506,-23.678667831961803
2001-07-16,21.10420106301062,-0.701495226050205,6.060754150359043,-23.334507682650283
2001-07-17,19.89651801328442,-0.4445990999837511,4.945697531917016,-22.25459667989182
2001-07-18,19.6366088431826,-2.03122517674127,3.8960222958181827,-24.291137966213995
2001-07-19,20.38006126699837,-2.740952292466904,2.4555794981211423,-25.44743263658272
2001-07-20,21.32863733188212,-2.538467893096813,4.369499656484404,-24.531618776012113
2001-07-21,19.14991974786726,-1.5605065112368874,6.905748004714102,-23.857871100380112
2001-07-22,18.25394690928681,-1.9107203271123838,5.389892069576043,-23.04264776409505
2001-07-23,16.851216626392763,-2.1360358998721862,5.921065829317247,-21.844373229520745
2001-07-24,16.694974792800924,-3.294843056412682,5.921530932828668,-21.67115035569024
2001-07-25,17.004937281353566,-3.345493257312136,7.193625657480444,-21.74756154077482
2001-07-26,17.812058048552903,-4.174587827027485,8.075119811171836,-21.397302912570876
2001-07-27,18.17645913963132,-3.225009090292583,7.152311399988718,-20.898199743574338
2001-07-28,17.526835842329152,-2.8520804433974205,5.445950955564117,-23.075123594128947
2001-07-29,17.423570004196577,-3.4454622471290013,6.351879209688065,-22.745463636793936
2001-07-30,17.039354415467546,-1.3037956347139605,7.94456605261426,-22.79048843438423
2001-07-31,17.176478834687757,-1.9630952257581027,9.015559317099147,-23.79517488958512
2001-08-01,16.66278718367786,-0.331152240370294,8.952891644955468,-23.03938034284388
2001-08-02,15.345771674821494,-1.7608258533799668,7.539502794533069,-20.624534774597148
2001-08-03,15.202395630906317,-2.968802157878086,9.426116302175508,-19.13284627495241
2001-08-04,15.200844552154349,-4.139415062598968,8.967447957787103,-19.138444055822163
2001-08-05,15.981252400803225,-3.7450118833535004,7.75066830827138,-19.944934563365848
2001-08-06,14.997753055487296,-3.063487893529434,7.579355725751073,-20.075811243393332
2001-08-07,15.066879776804386,-1.226413640994608,9.061614902529882,-20.390857390384987
2001-08-08,14.231138210778699,-1.4574819571248785,7.831833152495904,-22.434591626896886
2001-08-09,13.950076521440643,-3.094435576436524,6.733370778138349,-21.794361496118754
2001-08-10,12.493537260375332,-1.0856761631789804,6.572071065455625,-21.511151507434356
2001-08-11,11.872067975614657,-0.06977919346072547,8.01914307281458,-22.605147258249332
2001-08-12,10.368252587448612,0.06843242737420135,8.385249096041086,-21.86966993588982
2001-08-13,10.547071207025407,-0.21750535590426795,10.60055470374617,-23.0466995751978
2001-08-14,10.669303303564677,0.20116018168231986,10.549081755479342,-22.3935586811136
2001-08-15,12.391750808336042,0.42367630224719666,11.272691474409065,-23.908700643549246
2001-08-16,11.550813347047383,0.3335805413357881,11.237203470793844,-23.341484151618076
2001-08-17,10.116779323109492,1.2361288444997443,13.415721624170523,-24.789074256456274
2001-08-18,11.828773423581769,-0.04054335583119939,13.750718678831001,-25.111090449334103
2001-08-19,11.031325103053524,0.32979061529020276,11.987203214163994,-24.043664987317683
2001-08-20,12.334921715719585,2.284186534707925,11.900911423862393,-23.221500574777693
2001-08-21,12.929851608482837,3.010067749658803,13.541492299663442,-23.486362663594615
2001-08-22,13.911072070214496,3.7166514611341377,13.904886634166491,-24.532519178817896
2001-08-23,13.63314278339206,3.9325980011712405,14.373396416609005,-22.913190518309673
2001-08-24,14.775620168108924,4.250508412929817,13.734948573670342,-22.996890844119324
2001-08-25,15.468750552347345,2.8900078480182216,14.278207427399476,-22.32666125498161
2001-08-26,13.859089964594364,4.584581789314408,14.383485797782825,-23.90373416964979
2001-08-27,15.24655127371647,4.666642349051364,15.134003520440439,-22.060957161689593
2001-08-28,17.112367140397794,3.531906961417501,16.642284463197015,-22.82749392053343
2001-08-29,16.9535984413792,3.075313451292762,17.462997686205107,-21.87358907840758
2001-08-30,15.87623671098051,2.8935159279423823,17.697973679002782,-21.37948002020773
2001-08-31,15.97432898388751,1.4831618382571157,19.67740756885172,-19.95441385473964
2001-09-01,16.306379971975133,0.053833713718167475,20.048136021710608,-20.083260228118636
2001-09-02,16.796463460876335,1.0286213228096228,20.39134319016216,-21.70721485079257
2001-09-03,18.60790613114965,1.218422098654553,23.010566793167325,-20.66651824632064
2001-09-04,21.03328352862385,0.6345644069771597,25.090652810850784,-19.619866510076047
2001-09-05,21.315768644994147,0.24287836582488082,25.03299959575063,-19.333214633323045
2001-09-06,20.652796853353152,1.179239294040733,24.91936900653753,-17.782260066560262
2001-09-07,21.593766961089393,2.681708906070006,25.08208657615321,-17.02218746095685
2001-09-08,20.72423398755452,3.733239481933656,23.4561839122702,-16.55945279019261
2001-09-09,20.33436920899314,3.0731129257087897,23.467639248856937,-16.593912021934035
2001-09-10,20.338582787098417,3.800624736019161,24.54901309663721,-18.465226865274627
2001-09-11,21.82646735494899,3.044827126376108,21.580379941834,-17.996912127285373
2001-09-12,21.871329571317872,4.261026070329462,21.339205328094934,-16.60767922522218
2001-09-13,22.708632561902718,4.8402101426426185,21.136242767461543,-15.858928826759252
2001-09-14,22.540416588330782,2.750119960785435,20.097206169989697,-14.705432823338308
2001-09-15,22.91729687650025,4.284750296861857,21.75688986250279,-15.19310861990084
2001-09-16,21.130089661211038,4.643485306408751,21.324763507934946,-16.141914654773984
2001-09-17,19.56662383777878,6.21265002694735,20.47770983267356,-16.045554029360186
2001-09-18,18.570648518338565,6.955325749046455,21.204560554160267,-15.214412041176649
2001-09-19,17.42441278947945,7.847959529382303,22.078788751228192,-14.572662537084808
2001-09-20,18.66710857579947,8.263579253679758,23.113946495112906,-16.17712327630099
2001-09-21,19.199159565261123,7.067496322812104,23.278755842933133,-16.39443132532013
2001-09-22,19.45343178966044,5.239092954058285,22.862762513951484,-16.621349217058395
2001-09-23,20.639624096478553,3.7159917864583996,22.124394687276947,-17.958859837495787
2001-09-24,21.998914619859153,3.4319769885417157,22.27761771405129,-16.721111084364704
2001-09-25,22.90730563922759,2.3071777096504267,21.56069688499058,-17.113268329801667
2001-09-26,22.369059104552274,2.5951837299264477,21.468476588159465,-19.077379578977325
2001-09-27,24.750175456843586,3.6177684499139477,21.699691744987735,-19.248772978707837
2001-09-28,23.64515971934415,2.6284332358169578,21.461130352487274,-19.185922785904552
2001-09-29,24.32097361063905,2.061509348567283,21.62642144670428,-20.339228101270592
2001-09-30,23.214837862156333,1.7275410259847734,20.385669793235127,-20.28680218166332
2001-10-01,24.167475778495195,1.779628451596772,20.946691983931597,-19.595950347728213
2001-10-02,24.74310864939246,1.604521078189967,21.201237872804825,-18.86884712604184
2001-10-03,24.390032516803128,2.496403397658492,21.84853845756634,-17.375334536347555
2001-10-04,25.171117531891284,3.250868715308884,21.33327927146373,-16.961497475327153
2001-10-05,24.86500681414069,2.786840712928406,21.396461099707118,-18.06118007388467
2001-10-06,22.51777328600172,4.839323340354046,24.724223372254247,-18.455993467200003
2001-10-07,21.76746667571755,4.452452756230917,21.817366335469995,-17.657773969614798
2001-10-08,21.1089202339228,3.7316912836919567,21.35511290405296,-17.018332571853442
2001-10-09,22.67859832563037,3.248756088378855,20.997575713436166,-18.8513409393087
2001-10-10,24.791874305583168,3.0114990843702825,19.307720850376718,-19.36228304709976
2001-10-11,24.9838456159246,3.9753418063807944,19.161601974535028,-17.621974096467444
2001-10-12,25.600941371346337,3.986329276741545,19.228714445099982,-16.983193505905007
2001-10-13,24.171327134163068,5.030333377151462,19.30297528689611,-16.451884443304937
2001-10-14,23.953676723784437,3.8201876340104755,19.045726080957902,-16.205638594252385
2001-10-15,23.539603164378434,3.7187790332334507,20.008125505107266,-15.580566920225147
2001-10-16,23.611994331111372,3.7886114226971723,19.45798888127842,-16.319107005965304
2001-10-17,22.838914435264073,4.6485661744099795,20.049092074016663,-15.09242170629442
2001-10-18,20.961770887739895,4.0315920384346615,20.31917447639048,-14.204878013012335
2001-10-19,20.34066058522759,3.7651415588744377,19.925587676531965,-14.684745134090488
2001-10-20,19.654714557471472,1.705605551329731,19.15420599986019,-14.91026919049241
2001-10-21,20.645507523495343,3.0817253149828927,19.89913846063156,-14.608563240398835
2001-10-22,20.076808771930924,3.333398522332993,22.322946849178155,-13.106394728184245
2001-10-23,19.909051660140005,3.5022452631313046,20.138271365462995,-13.994383371184302
2001-10-24,19.568573237005456,3.045229349220599,19.657582410238962,-14.297414653627056
2001-10-25,19.835654266751405,2.4219559885788247,20.34737010561411,-14.902375959809673
2001-10-26,20.104653011347345,2.1892521947092303,18.9011716072416,-15.901122175992265
2001-10-27,19.885556715798252,1.6441870560849374,20.358204199936402,-16.888771021327084
2001-10-28,20.346808953166768,1.7692494952612166,19.52483082160678,-17.420762994921613
2001-10-29,19.981018917260382,0.9777192343140395,20.091350348658057,-17.249517664256242
2001-10-30,18.872405402891637,1.3969535000776028,19.587118198015666,-14.944823402263577
2001-10-31,18.295911524576848,1.744956284711483,19.830097808612887,-13.417001607380083
2001-11-01,18.344521370526586,0.9791848041223068,18.33571040912616,-13.325153454256654
2001-11-02,18.136858502287602,2.0183625752284504,18.822371550631097,-14.21889278009019
2001-11-03,18.044651582482324,2.1462471784804293,18.884637984007025,-15.060708193908022
2001-11-04,18.049526547148396,2.019495935724629,20.347548513372463,-14.445170294350639
2001-11-05,17.57127189040865,2.0914972559302902,20.891618230514442,-11.995120164694848
2001-11-06,18.017558896036764,2.547204177034134,18.223190019518857,-14.535742740079415
2001-11-07,17.65982428812855,3.535022155845863,19.16729852965042,-14.373820567162985
2001-11-08,16.801911020244365,5.093780354110169,19.397152155011863,-14.979615905676832
2001-11-09,15.309640257532513,5.130070347997976,18.427040111720157,-15.29190563502392
2001-11-10,15.442792885568736,4.91340408125716,18.57572163621352,-15.297655367674539
2001-11-11,15.406489846849658,5.83277363216717,17.668741935891994,-14.799412225487492
2001-11-12,14.408496767248206,5.777336777882655,16.402722302269453,-15.34357073169153
2001-11-13,15.772371133830365,4.9647385311478445,17.429286387925636,-15.213685260068416
2001-11-14,17.89949407043326,3.7717607960685253,17.057007953185895,-15.315190095315193
2001-11-15,15.911507619844478,5.0388196686816595,18.52801854265588,-17.63545251974364
2001-11-16,15.836393914553712,5.094919820303922,18.953919524489677,-17.794921431612654
2001-11-17,15.388866450620958,4.58123891132502,17.973414822718834,-17.171901960726437
2001-11-18,15.05744695309323,5.120380250540918,17.384477574891818,-17.459032857488985
2001-11-19,15.261201372823276,3.8358926720561586,16.298764481216264,-17.306283927599516
2001-11-20,14.323708348668331,3.885262263620406,16.01736169632188,-15.873508986805458
2001-11-21,13.130264407924509,2.6914620160503713,17.316306174486158,-15.756087959546585
2001-11-22,12.634861870738234,0.09221909494145342,15.382527007328669,-16.014843164129996
2001-11-23,11.519982737559447,0.8163217201640033,15.540439619000312,-14.970490513777069
2001-11-24,11.558167898963854,0.779367913548199,14.665308078608263,-15.33312106208686
2001-11-25,11.168375799168778,1.0502451390428535,15.039991354422366,-16.43317383600917
2001-11-26,11.061685394034775,-0.34903815974397245,15.914333969382994,-16.516315405330328
2001-11-27,11.669379007462025,-0.40752541974382367,15.10386956968307,-16.87214822063193
2001-11-28,10.966759932021402,-1.1364565886906712,15.327804153624742,-17.33908557978468
2001-11-29,11.853413489533452,-1.1106263304373103,14.03691478348284,-16.8511152425382
2001-11-30,12.112918310913589,0.2841026336135988,12.360409612530018,-16.277830811613743
2001-12-01,10.973061100896206,-0.8116926246723493,13.253997472679242,-17.084529806236116
2001-12-02,11.325867185936064,1.3150034432718063,12.611997726067605,-17.31218969900716
2001-12-03,11.680665412283837,1.0001215510359873,11.523101207631878,-16.121908731886037
2001-12-04,12.793087527024834,2.738624697883755,13.216556560038816,-17.04138837778292
2001-12-05,13.54563441810268,2.9866744894167216,13.177052787852661,-17.284945166444587
2001-12-06,13.048332699716113,3.4511927040807504,13.139126428058441,-17.37654522326673
2001-12-07,11.516450764413545,3.0286896700890567,11.86245784193166,-17.78612149421696
2001-12-08,11.455371746055015,3.480239927855389,11.058871448619094,-16.438783406784076
2001-12-09,13.58816165863616,3.450815592282118,11.134360938168516,-16.420678278700183
2001-12-10,13.09169436815922,3.8220580429477766,11.688734037440753,-16.98118993514957
2001-12-11,13.309219907592123,3.9806480797526684,11.573408520490322,-17.438621559217722
2001-12-12,12.128841406054692,1.8533562522491627,11.58482109117264,-17.688641134856844
2001-12-13,10.679347794183933,2.2931263081849385,12.298324939647223,-17.06801481405589
2001-12-14,9.38164434402622,1.8905452828563687,12.586383835888928,-19.035741125416404
2001-12-15,9.183061020600531,0.7530006286061743,13.034208548565484,-19.798234332898158
2001-12-16,8.503851540165876,1.7715298247779603,14.450438363628404,-19.303296322717895
2001-12-17,7.987398732675712,1.459253347632573,13.696118678975937,-18.213920360803254
2001-12-18,8.149148280529216,1.5362659114018926,13.243979006370454,-17.54747137164214
2001-12-19,7.757955400231637,2.2859758560359165,11.409546083521967,-17.927864302103806
2001-12-20,7.070557964401276,1.5542515401697798,11.003269833502817,-17.737591097881484
2001-12-21,6.5452461083988664,2.8451340876273923,12.968382460189227,-17.915250793963875
2001-12-22,6.384056954402915,3.7696021936396042,13.8180652027861,-18.447751671529844
2001-12-23,5.93460504988575,2.8561823469267402,14.017365307464319,-17.21882276957565
2001-12-24,4.834844146258842,3.4988708284884416,14.97183125054009,-18.019549507458088
2001-12-25,5.970129119591158,4.397641358648551,15.471172905127544,-17.20638095200534
2001-12-26,5.53822480675629,4.450285488250429,14.861639144199598,-18.27136235234522
2001-12-27,5.553589816300638,2.3924666711144162,15.687260660521998,-19.48342564161382
2001-12-28,5.033882489686504,2.198770216245211,16.06156279474118,-19.990837965334364
2001-12-29,6.508922802322529,1.643539541947352,15.323431085004598,-20.523058577343253
2001-12-30,7.518231616064006,2.6766048995025304,14.583316768741124,-21.236620228290516
2001-12-31,9.268464846047841,2.3096973004265893,15.689144556206056,-20.706283210957363
2002-01-01,7.467086039163938,2.4608997124776155,15.680620382701825,-21.062132488631452
2002-01-02,7.866408795559133,2.2345962711706227,15.819995550079406,-20.139491904494317
2002-01-03,6.633154449331699,2.28403542130477,16.18186215437031,-18.514197817947178
2002-01-04,6.4734731236259035,3.1359119546656498,16.59426321440451,-19.5835448493063
2002-01-05,6.8531757072543975,5.084883097282231,16.901427496973778,-19.038964898216914
2002-01-06,8.248073231680547,6.102181004181768,16.609290424411295,-19.811225763844366
2002-01-07,9.736403567529585,5.1836548157600815,16.91937377841339,-20.18211675587154
2002-01-08,10.74199660267853,4.502559583629332,16.74931362424634,-21.66994685779297
2002-01-09,9.779476463934918,3.430684059375496,17.326163518944128,-22.793694946876297
2002-01-10,10.236278249777353,3.4049928430977845,14.23702069343083,-24.237452792449254
2002-01-11,10.870305305463884,3.350456190563202,13.546807405445048,-23.098615599123644
2002-01-12,9.922689653720756,3.681386179723711,14.766027197229805,-23.71735653496166
2002-01-13,9.640101019297017,3.33608004544189,16.554596384325624,-22.794091092091488
2002-01-14,10.713615864447542,2.1803656152181334,15.804876036871635,-22.27673993747557
2002-01-15,10.097371010176582,1.7197600393417518,15.813851079756844,-23.078217132641974
2002-01-16,9.644428232490739,2.4947353136925376,16.14246731345842,-21.931672365842047
2002-01-17,8.70851402943248,2.63754004161117,16.015509226265813,-21.968992521344216
2002-01-18,8.693994314558713,4.315974801211889,16.18869471099032,-24.254611993461708
2002-01-19,8.939100945003155,4.497647025507239,17.336182837328575,-25.32049574379103
2002-01-20,7.780358346057508,4.122948925458393,16.05928493001115,-24.969744159989
2002-01-21,8.504038006908635,3.3836734379897195,16.069790520193216,-26.534285014513795
2002-01-22,7.757140256507392,2.3660108155197346,16.800804304079964,-25.41718160765196
2002-01-23,7.171150128428389,2.2883244240860976,15.701191502664045,-25.10036654174053
2002-01-24,7.655829536361052,3.4537713637936944,15.777946851542286,-25.799335940547582
2002-01-25,8.523409782964265,2.0081860116910004,14.709906484605117,-24.723726804758545
2002-01-26,7.930807592521485,2.248366586327548,15.335572676922432,-22.80753052533701
2002-01-27,8.282684752007627,3.2913455900746973,15.26338802341684,-22.458050523862365
2002-01-28,8.824236629120435,3.098950759152702,14.958331482880078,-21.645850216792688
2002-01-29,10.328809805986403,2.581356734683629,13.990140052061124,-22.027769299433093
2002-01-30,9.950853844977692,2.291796834142943,14.171966326562181,-21.787338658112965
2002-01-31,10.074803986431867,3.2170993627664997,13.585898991707921,-21.065863617619264
2002-02-01,11.84318169172603,3.884611839715618,14.182065331083011,-21.884404603170122
2002-02-02,12.154083740918018,3.4681081974576826,12.787301380697695,-22.558232291705025
2002-02-03,10.370434151123828,4.244547572946935,13.267089325708776,-21.13095183336234
2002-02-04,11.592583447738274,5.923642384467465,10.515793357264197,-21.399008767972642
2002-02-05,11.373850392683059,6.681756025905277,10.417697727771369,-21.727074875589537
2002-02-06,12.629398149821611,5.883052388401806,8.470317415606996,-21.040360365563767
2002-02-07,13.16339372247947,5.827601870551516,9.120243578899707,-21.674063131757148
2002-02-08,12.855514168572205,5.498690344532697,10.792669053645614,-21.62725377376181
2002-02-09,11.706465138528216,5.194432149426715,11.19499208243703,-21.444176522489
2002-02-10,10.08118242657922,6.695605753440727,8.255772439641525,-22.752934563364207
2002-02-11,9.199207521358904,6.699046335657445,9.113034369399857,-21.089337933112787
2002-02-12,8.212483147174524,6.971561535918621,7.428683357134258,-19.827684817190367
2002-02-13,6.564531365575476,7.514800959880397,8.554341517667375,-21.570216116726833
2002-02-14,5.160608116670989,8.170629583563304,9.521461602928582,-22.031785013335572
2002-02-15,5.251507883656444,7.2220022883757204,8.66218711203024,-21.800699110458137
2002-02-16,5.097787003948003,5.5733942201609015,9.016091431449349,-22.463266115554386
2002-02-17,5.0857805070077555,6.35315100002733,8.053189390374293,-21.22110874874101
2002-02-18,4.929477607343966,5.780871563187363,8.081311999799098,-21.15680219666336
2002-02-19,4.3385996345385065,4.509442354565456,8.699878781215652,-20.155573166372662
2002-02-20,4.2519035756474395,4.297066520320013,9.335399487987342,-19.24684152818307
2002-02-21,5.37777621527948,3.5005037715063807,7.865572686621102,-17.414695380268334
2002-02-22,5.169530682220287,3.5332972666887223,8.84104033698887,-17.909035400727063
2002-02-23,4.956897502096492,4.977853795677605,8.378321595907352,-17.782553833748203
2002-02-24,3.916554525782158,5.521893301701627,8.928333316527631,-18.421011132341246
2002-02-25,3.983840567962497,5.266691738445019,8.076019518842225,-17.84378292122651
2002-02-26,5.192394872288737,2.7759798968630904,8.955711316797842,-16.731438752156222
2002-02-27,3.7053698130294634,2.115521277064281,11.481007286132122,-19.237110476526595
2002-02-28,3.5659057115757617,2.355630476100719,11.455311671994526,-18.609097284240743
2002-03-01,2.0959109072866116,0.8135792545320177,10.183081596111043,-19.93703432065427
2002-03-02,3.099497636219515,1.326547062840676,10.565669348085004,-21.280735427369716
2002-03-03,1.9622860161573095,2.395756770305507,11.403082937722308,-20.42444634204377
2002-03-04,1.87937741276797,3.0409981928661827,11.780219536280658,-21.553402814764702
2002-03-05,-0.041554846395490674,4.699012429378127,12.488154496663014,-22.22205755168956
2002-03-06,-1.3476053389210638,3.7448073613427155,14.24517543297398,-20.967402192770223
2002-03-07,-0.9678570889948115,3.8959794668514944,14.939778655301604,-20.366893453611514
2002-03-08,-0.8346238191307609,3.7851653491341093,14.493848226209085,-20.57498691938364
2002-03-09,-0.4623076382833141,2.4594551178675146,15.478477602942762,-20.16660285899093
2002-03-10,0.29512126945673245,2.459604926141442,15.708387637436454,-20.882739460465963
2002-03-11,1.4519960465534978,2.776129144582793,16.65807123286694,-20.30081803310631
2002-03-12,0.5675086272842993,4.9056452564028525,18.277996614922813,-22.73167996494658
2002-03-13,0.6417688584548519,4.008287903742455,18.965208639090946,-22.77712928957182
2002-03-14,-0.70562043210173,3.7597434039838418,19.023879954375573,-23.638649877689545
2002-03-15,-0.5250803832683895,5.213168548359379,16.499592181916473,-25.065692310417102
2002-03-16,-0.8438686963296258,3.565562190542837,17.041225804041645,-24.371673297947076
2002-03-17,0.6494258428671087,4.2070252704922195,16.141110148052537,-25.108293697718473
2002-03-18,1.2020548883957973,4.713034456911836,16.538505712733926,-24.49315579221712
2002-03-19,3.0500807127878256,5.404009291138994,16.635464935838787,-22.53514148551404
2002-03-20,2.702951098009106,6.714620368604798,17.037180899368675,-23.25000249124705
2002-03-21,4.195949830963158,8.44973972290325,15.992301390083018,-23.17049150531995
2002-03-22,4.15773757563005,9.27345231430261,16.62478601327893,-23.907048285385173
2002-03-23,5.030531205914543,8.178541870921663,17.40358870718795,-25.361221981067082
2002-03-24,3.685620908699905,8.709284445641956,15.890068626419136,-25.043986138163387
2002-03-25,1.9791102899309119,8.122946212352513,16.490666021359182,-24.451928798450034
2002-03-26,3.5957217167195785,7.137952607521223,15.508451065541864,-23.071733008740786
2002-03-27,2.1091646230589447,6.9849789594951,16.08880753291142,-25.359565081356312
2002-03-28,2.5254018578544413,6.4564982372780975,16.245876530326854,-26.385613021133477
2002-03-29,2.766289345454952,6.58315239019441,16.968028504934363,-25.597513085129908
2002-03-30,2.219907549318855,4.9484041576943385,17.32904632538019,-24.779041846465198
2002-03-31,1.8721578096634945,5.508887518019841,16.610046730734936,-24.909575291413848
2002-04-01,3.855594800607105,3.7317828571426315,16.63157624698658,-25.58562351099319
2002-04-02,4.296692549281202,5.140423096855755,17.40918959677653,-25.996727555719723
2002-04-03,4.514079830217235,3.9881675133007426,16.871253834920456,-25.56560046065676
2002-04-04,3.984980015679969,4.938364491742803,17.610477966839504,-25.4808404558852
2002-04-05,1.0910287839789472,3.1303280479234923,16.80802621297979,-24.95009261807232
2002-04-06,2.465146909421649,3.037089294061343,15.984438971584677,-25.02907797265674
2002-04-07,3.640633173328814,2.5284723013960853,14.785513180714359,-25.146535785207234
2002-04-08,4.855377701681973,1.715017801797584,13.989267943088981,-25.7745560420363
2002-04-09,5.991163118560296,3.1298397879902202,13.298512322848651,-25.445374280034084
2002-04-10,4.590243234108084,1.7555179638339453,13.982286474276826,-25.167084108948828
2002-04-11,3.3308379919432642,2.30371899782429,12.996320755620472,-23.56885954345555
2002-04-12,3.0014423198154088,1.9779187999913497,12.836661564481485,-22.275397598404734
2002-04-13,4.060020376840736,3.103206753006163,12.605715940241476,-21.408305268734296
2002-04-14,4.685173446792908,3.845537069232876,12.959799067434153,-20.379959617541815
2002-04-15,2.900908395759127,2.9631817621641487,13.090989122706238,-19.297218947509798
2002-04-16,3.611237232826051,2.326657782392987,13.533811689479803,-18.679493613743436
2002-04-17,2.3729657698974784,2.095244752432314,15.573113229370916,-18.518968428823577
2002-04-18,3.0166502118133742,3.65633391373249,16.639541960383358,-16.76606397306329
2002-04-19,4.677028479004756,3.6726761913029393,18.761394082000987,-17.096479553910054
2002-04-20,5.216043795991243,3.4303971453841644,17.7223378391255,-17.938246986430325
2002-04-21,6.446853702953444,2.149728066069933,18.212736167799445,-18.673171592111945
2002-04-22,5.343261890383439,3.16681138563609,17.721180880138714,-18.804770815359515
2002-04-23,6.0984232237738025,3.825572640187806,16.20879170941454,-19.166895962468793
2002-04-24,8.04517833254819,3.710701343810957,17.47951197797335,-17.65120053947934
2002-04-25,10.073383554460964,2.336542769015224,17.932116120678444,-18.51890101846144
2002-04-26,9.34055548136369,1.418871255303383,18.567222415425924,-18.150062647053787
2002-04-27,8.529429688253376,1.1178082597460646,19.647794425820955,-18.029683173496146
2002-04-28,9.23446883861994,0.845992373391935,19.35489352654099,-16.759062332818626
2002-04-29,7.949409626224705,3.326779458548497,20.429990573552224,-18.143274305337705
2002-04-30,7.214194072913253,3.6139366242608473,20.398239736394878,-18.962407980413403
2002-05-01,7.203259580452365,4.577560968489733,20.563968413520616,-19.56402798297988
2002-05-02,8.18353131719773,4.638729214692667,20.394783094944454,-20.1252601828115
2002-05-03,7.95830121192974,3.016198384774153,20.14706365819022,-21.656872863695433
2002-05-04,8.423763086916354,2.503016528127838,20.926233148435777,-20.42812278606451
2002-05-05,9.127545271346174,2.92584944906571,19.17042090714575,-20.419827358177667
2002-05-06,9.452963856880437,1.5650758873123836,19.772150697186078,-21.712106977351336
2002-05-07,10.404202682178312,1.8151841951340117,20.40734764424476,-22.51053610033566
2002-05-08,10.4273874343688,1.7120757739856458,19.8600487668909,-21.459695506697763
2002-05-09,9.830038871148364,1.157076592329574,21.55088311897384,-21.9966809173908
2002-05-10,9.193656022905913,0.48443241780227886,21.09535568507782,-21.989932866609504
2002-05-11,10.798308564428968,0.2212568983802054,21.292189827588064,-20.381872047031752
2002-05-12,11.985964774839616,-1.4950816261875464,22.43094931295173,-21.807421977000644
2002-05-13,11.70225150082199,-0.7460512934511334,22.23302305401614,-21.80171143610081
2002-05-14,11.287463325182564,-1.04305299045326,21.17425655555299,-21.433789737064767
2002-05-15,11.445285723197353,-0.174264659839533,19.516637747302433,-21.39248759205788
2002-05-16,11.87955780765713,-0.14347352018329343,17.47575318581483,-20.43591913395999
2002-05-17,10.495564122030613,-1.0681396190610415,16.049296211098792,-19.464267020801575
2002-05-18,10.341340759440453,-3.0405797688772207,17.954565511505862,-19.71767961531308
2002-05-19,9.967864323811526,-4.787011880632818,17.85461146051974,-19.513797673021184
2002-05-20,9.452033291775763,-3.0842532441138086,17.973118530103225,-16.761414201697526
2002-05-21,8.8458054238433,-2.501529213598328,18.370868339617566,-15.793697246609984
2002-05-22,8.621720575551633,-4.358737839375752,17.261703380727603,-15.920306304706536
2002-05-23,7.805037260031281,-3.0013448886558622,17.07642184231822,-16.971243237355143
2002-05-24,6.806024232989874,-1.3810161990848782,16.021537725533243,-19.335254900887378
2002-05-25,7.0492273870095,0.015381097090492624,14.30860109353908,-20.373435478543442
2002-05-26,6.081453676144751,-1.0004092907270918,14.306351512427646,-19.98503094767485
2002-05-27,6.112463303103547,-1.478499146871883,14.034252585433702,-19.690491749515694
2002-05-28,5.647671906782485,-0.4831535258279297,14.27574339862303,-18.740149172267216
2002-05-29,5.919259225818721,0.42589334297034065,12.521834466605823,-18.011989970593934
2002-05-30,5.920934232259242,1.0312219996981098,13.3319451172006,-19.305418836026632
2002-05-31,4.986782435887322,1.8189393419950122,13.915766065249874,-18.788832626466228
2002-06-01,5.8499910804989135,2.507184238967387,12.628654039351858,-19.193014675900727
2002-06-02,6.592242829505884,4.342275113103754,14.21325293543064,-19.797379670599565
2002-06-03,6.419021883748848,2.652380736111274,12.437210595637158,-19.359885233619977
2002-06-04,6.595812545926028,3.7077512879088492,11.233680378744086,-19.65678966057049
2002-06-05,7.0802235143760734,5.181067672943085,11.44050524404245,-20.01198939146534
2002-06-06,7.511544044512416,5.889721460973155,9.886966595744337,-19.412281552525688
2002-06-07,9.333126559292387,4.274266181716422,10.243417093129592,-19.006550345168773
2002-06-08,8.20007951608818,2.7257939046405,11.302594267624308,-20.416226802507566
2002-06-09,9.210954278193906,4.129396769034858,12.311178033791085,-19.784943599318343
2002-06-10,7.719620254862636,1.9099595586767917,11.921234174898865,-18.06275070687742
2002-06-11,8.203598969574351,2.14526451054431,13.04716943336132,-19.455298292640673
2002-06-12,7.632597545874409,0.6663495858941471,12.692295805047083,-18.645633511752223
2002-06-13,6.7038000169273655,-0.5701874038636514,13.095672471390554,-18.359130507885848
2002-06-14,5.146431088358564,-2.5824145147778106,13.086661628094948,-17.52348888954406
2002-06-15,5.499403491684219,-3.2589276867034953,12.698874360390718,-18.319459006822886
2002-06-16,5.428911509701639,-4.108710073059458,12.719331800500715,-16.53438617501937
2002-06-17,4.271839628935455,-4.761153984158902,12.841580316479146,-17.529717028414417
2002-06-18,4.761475862957413,-5.5398094018073065,11.563911765912808,-15.781264990443841
2002-06-19,6.173152819069578,-5.485247099978485,12.593480695542636,-17.631804088919665
2002-06-20,4.041941339171136,-5.615359346747491,12.346967053623475,-17.443802659772636
2002-06-21,3.845805541380872,-4.700032839297851,13.744918032058093,-15.300898896476522
2002-06-22,4.262142723729711,-4.792856000688396,13.369289618117675,-16.24629857242281
2002-06-23,3.715794279168953,-4.745853584415568,12.871912157617007,-17.220891627246942
2002-06-24,6.114367472209773,-5.494410286061568,14.22525955459962,-16.14481294149631
2002-06-25,5.339070530041391,-6.024578316335514,13.996931094152433,-16.864217991044264
2002-06-26,4.177007703409602,-6.074686240812387,15.012224823143791,-16.885303266289057
2002-06-27,2.326196942071579,-6.1131574678180955,13.241001614006782,-16.976810276580306
2002-06-28,2.88426471756872,-5.979327168417681,11.701765210423323,-16.569372326387906
2002-06-29,1.932036753464628,-7.962676903297201,10.942052761377179,-16.198659840341524
2002-06-30,3.780951978266189,-9.097889157388757,11.124788287086103,-16.328034656861075
2002-07-01,3.6452421374752015,-7.6654512391730405,10.686255162149642,-15.607049127169457
2002-07-02,3.036972520029881,-6.702871399378258,11.235081276536665,-14.368512506821661
2002-07-03,3.3141679567453,-7.1018649519536,10.889604340900501,-15.076506023562121
2002-07-04,4.075024807412595,-7.562884742751785,12.300037450912411,-15.352830229400872
2002-07-05,2.5904112146618967,-8.707785883203531,11.812404676393154,-16.443089943454265
2002-07-06,0.03145572288695142,-9.078828982826451,10.974912103757706,-16.310817525970396
2002-07-07,-0.5611741053460143,-9.198634333439141,10.876770833356447,-16.220139530426096
2002-07-08,-1.7282565810187624,-10.053626727977793,10.797458862061236,-16.480605547620694
2002-07-09,-2.7056298177060634,-9.210849599969238,11.040535170134694,-14.573444483510238
2002-07-10,-2.225444837219059,-12.023003470332052,10.571896238826028,-16.11283926883497
2002-07-11,-2.145644983733398,-12.532909477094748,10.445889132778627,-17.335632019865635
2002-07-12,-1.714759182317291,-12.675975409279452,9.6081887404308,-19.407265669722374
2002-07-13,-1.929309695504828,-10.564468246149257,7.872386906629601,-20.787254441739208
2002-07-14,-1.6797764528281665,-11.303162821827277,8.661195685093732,-20.590011042425044
2002-07-15,-1.3522224445899742,-13.459219880093153,8.813268058926486,-21.257659516883418
2002-07-16,1.4849805548221473,-13.22505367554256,9.439385830833881,-21.010607898517826
2002-07-17,0.22647261098026017,-14.425117566787776,7.351572528223936,-21.258909481866542
2002-07-18,0.7049830256724992,-14.998317319426903,7.207867821634849,-21.071191684723757
2002-07-19,1.9269201873569952,-15.540806763671267,6.926481162870659,-20.752416876924812
2002-07-20,1.9970750485840716,-15.70904550571441,6.452236034801128,-19.98224551276879
2002-07-21,1.888829880461415,-15.610673186104904,7.38282364611937,-20.542553005919466
2002-07-22,3.1226531894213303,-15.92676677713594,8.302036036122656,-21.126447456186163
2002-07-23,3.4983384943599307,-15.53041898733503,7.897202067445495,-22.30699955164459
2002-07-24,2.790510596911279,-13.05433414284436,7.759071258637443,-22.18239915922745
2002-07-25,3.6717133087776888,-13.451462336141226,7.88130805702873,-21.38801476402298
2002-07-26,3.2876842416816823,-14.30303793124626,7.33433282435044,-21.198481242390777
2002-07-27,2.6604231252340025,-12.463048361050378,6.940601078040122,-20.292160945663017
2002-07-28,1.5786428270937327,-12.570699615904422,7.106997221109471,-19.037995532700418
2002-07-29,1.4187248672739163,-13.266202576905712,6.387449181062806,-20.411402901702232
2002-07-30,0.08846053951325894,-13.240511715644312,7.870064883751785,-18.681454797754235
2002-07-31,-0.9128512914368998,-12.819282428776514,6.215349881979295,-19.366929768548953
2002-08-01,0.05895151482679717,-13.180723285959614,6.917253211946864,-19.74907071497391
2002-08-02,0.8796999112244971,-11.588220997991753,7.678888944536649,-20.633783210827957
2002-08-03,0.8832805595803688,-12.152682186297703,8.091210209127565,-20.445867405250382
2002-08-04,-2.128004094459689,-12.352905923700556,6.895040149697039,-20.523707659406362
2002-08-05,-1.7785732104302063,-11.387335484395237,8.248556075144727,-20.559330802665194
2002-08-06,-1.6826465332356444,-14.694834423510427,7.907805415293092,-21.149386780127266
2002-08-07,-1.4167855893215833,-15.570488660848365,9.247941577046962,-20.80601471647233
2002-08-08,-0.08052875532844372,-15.73107208845185,9.944394897018977,-21.088243879975142
2002-08-09,-1.3738476889058038,-13.501049499930932,10.690354523702865,-20.61574874987637
2002-08-10,-1.9962576992623573,-13.924220062341215,10.337277933222516,-19.16912723994002
2002-08-11,-2.3157024768151175,-12.932583015057297,11.1324119755371,-18.485913850072524
2002-08-12,-2.3503901973298453,-14.163696706774537,11.59231753931407,-18.516041780708996
2002-08-13,-2.775605352985016,-12.663066673892411,11.04141757983522,-18.541427211833444
2002-08-14,-1.3079890781532553,-12.78200865416523,11.595912325683027,-18.276013409045852
2002-08-15,-0.09486034425401568,-10.892466060051593,13.035789201133774,-18.880688806985955
2002-08-16,0.4481667871060453,-10.621948154364667,12.366907657744392,-19.71525017057952
2002-08-17,0.7409136889762591,-11.756612746740641,11.181818974170028,-19.275243214879648
2002-08-18,-0.7527791004073006,-12.12161515248363,11.70042637254181,-17.50053669550799
2002-08-19,0.01261189480160152,-11.068507511188962,12.156645190428433,-16.028318269835225
2002-08-20,2.797690683422955,-10.41481635579887,12.310200658900627,-15.082036351346783
2002-08-21,3.6873015686080333,-11.949671728142153,11.806851498664994,-15.113500152989028
2002-08-22,4.424353948187271,-11.712010377664779,11.610081906351452,-15.623861238371038
2002-08-23,3.232738132905613,-10.981719876703567,12.377756025415072,-13.921386664070297
2002-08-24,3.4993828300796146,-11.356586397883278,11.938572708415023,-15.137836203010249
2002-08-25,4.019316309274022,-10.00580754499449,12.189207544817327,-15.991286253650454
2002-08-26,3.7805231188349215,-10.264291704700922,11.536951065321023,-16.564002554254277
2002-08-27,2.958899639151201,-10.499309193005425,12.179593096313086,-15.867782066692767
2002-08-28,3.6569587614891903,-10.44647879479375,11.541548302239345,-16.76670476338086
2002-08-29,3.4074955440810535,-11.273688522727273,11.906597641403,-16.68034062379766
2002-08-30,2.3656594453866298,-12.002213923479905,11.649212453866038,-16.91992108275934
2002-08-31,2.9667529826913825,-11.588500451112061,11.902134367437741,-16.809194584828266
2002-09-01,3.189533893752311,-11.57756184265354,12.04638381368464,-15.925433211122446
2002-09-02,2.7188246887805545,-12.735760578729492,11.272871327334993,-17.73418966093584
2002-09-03,2.41197959777411,-13.14445130715209,11.950509709563045,-17.547557449535248
2002-09-04,3.2202686090328694,-12.56449171118265,11.411444523936568,-18.7834668799758
2002-09-05,3.127803183361531,-11.462422542517167,10.275533085357216,-19.231655529569537
2002-09-06,2.3623043873889134,-12.76017189392461,9.46494183183561,-19.951760843852973
2002-09-07,1.0480749642827838,-13.22972457567682,9.27139630239102,-19.39986906143355
2002-09-08,-0.59816211530792,-12.803215723843183,10.027867842969524,-19.385518239092555
2002-09-09,-1.4151744714146495,-12.859732785634748,10.87225796222929,-18.37050207280714
2002-09-10,-2.354414788834027,-12.846406803492172,11.774415990517296,-17.99116187263735
2002-09-11,-2.1089110923731864,-12.344158011967105,12.376448095707238,-18.09448188991892
2002-09-12,-1.0570907491662722,-13.79647669598091,13.288662257924555,-18.44458550291278
2002-09-13,-0.3969290372309995,-12.766051527996973,13.852831230804702,-19.362694134184306
2002-09-14,-0.15956600203146745,-12.14257727206152,15.129913416047577,-19.883175198352177
2002-09-15,-0.3479085058868678,-10.991485262828334,15.09713525822851,-20.318369436518903
2002-09-16,-0.9798038571776324,-10.758497819270806,14.933013679200315,-18.584276226125226
2002-09-17,-0.7117474999177775,-10.799868434379517,14.579700071425718,-19.010137427487443
2002-09-18,-1.348700812035958,-10.822465942531757,14.345971788896493,-19.771083697618195
2002-09-19,-1.589603629682811,-12.963007512609092,13.334376533643923,-19.510126871232085
2002-09-20,-2.0608175891492984,-11.546432150780946,13.247083659980637,-21.178645111009594
2002-09-21,-3.662631377523182,-12.26102716270568,12.06946588225808,-22.468866286368865
2002-09-22,-1.2217342607928003,-12.265607974450266,11.521551423830747,-22.592927445181346
2002-09-23,-2.3851031297444596,-13.724079249645648,12.542651983031245,-24.39396546804143
2002-09-24,-3.482000541099872,-12.84584569235066,9.350696850075536,-24.813573953839366
2002-09-25,-5.260522647575753,-14.393017321612177,10.09553480479552,-24.265481869103958
2002-09-26,-5.328526828484593,-15.257129302977987,8.621439916767951,-26.014280130753743
